{"epoch": 9, "train/loss": 0.019427249554097862, "_timestamp": 1692925531.9024296, "_runtime": 33.38948965072632, "_step": 9, "_wandb": {"runtime": 119}}