{"epoch": 9, "train/loss": 0.018850540605038938, "_timestamp": 1692925735.6759026, "_runtime": 34.26351571083069, "_step": 9, "_wandb": {"runtime": 36}}