{"epoch": 99, "train/loss": 0.0009649829571784302, "_timestamp": 1692923774.5148294, "_runtime": 307.88356041908264, "_step": 99, "_wandb": {"runtime": 309}}