{"epoch": 99, "train/loss": 0.0006983302501265576, "_timestamp": 1692922559.8380952, "_runtime": 301.9591431617737, "_step": 99, "_wandb": {"runtime": 306}}