{"epoch": 14, "train/loss": 0.021050671414410978, "_timestamp": 1692923100.254663, "_runtime": 48.13108992576599, "_step": 14, "_wandb": {"runtime": 48}}