{"epoch": 99, "train/loss": 0.0005060822477138498, "_timestamp": 1692925264.6528788, "_runtime": 297.9629638195038, "_step": 99, "_wandb": {"runtime": 300}}