{"epoch": 7, "train/loss": 0.018344597722199606, "_timestamp": 1692985493.5628533, "_runtime": 28.31391143798828, "_step": 8, "Loss Over Epochs": {"_type": "image-file", "sha256": "5bd282fd0bfbfadef42d902a4e18a4811ec0060e44dccb34407cbbfda32c2c7d", "size": 21345, "path": "media/images/Loss Over Epochs_8_5bd282fd0bfbfadef42d.png", "format": "png", "width": 1000, "height": 600}, "_wandb": {"runtime": 28}}