{"epoch": 99, "train/loss": 0.0012065372808358111, "_timestamp": 1692922923.3943646, "_runtime": 301.3868396282196, "_step": 99, "_wandb": {"runtime": 304}}