{"epoch": 99, "train/loss": 0.0009761630970064729, "_timestamp": 1692922175.4542308, "_runtime": 305.8416168689728, "_step": 99, "_wandb": {"runtime": 310}}